{"cameraMode":{"drawMode":0,"name":"Shaded","section":"Shading Mode"},"sceneLighting":false,"audioPlay":false,"sceneViewState":{"m_AlwaysRefresh":false,"showFog":true,"showSkybox":true,"showFlares":true,"showImageEffects":true,"showParticleSystems":true,"showVisualEffectGraphs":true,"m_FxEnabled":true},"in2DMode":false,"pivot":{"x":-0.0732647031545639,"y":1.1587889194488526,"z":-4.998664855957031},"rotation":{"x":-0.00568949431180954,"y":-0.004187107551842928,"z":-0.00006266896525630727,"w":1.0000120401382447},"size":2.417912721633911,"orthographic":false}